Register,MD,PRP,CD
HI,18.223455933379597,59.35230164237798,18.773999537358318
ID,16.856134849078792,81.5047450612163,18.387681985176812
IN,6.349519006555183,17.113575862558406,50.35006358209042
IP,12.113630605523182,49.01401908622582,24.501731272696563
LY,13.573628379149081,121.69825156023398,9.988756538317393
NA,12.639130063480314,43.883970508696514,22.431609211762364
OP,13.80417485288147,63.3834695239473,13.829841844663367
SP,11.24970650387415,88.71800892228222,11.331885419112469
